domain	family	baseline_ns_per_point	optimized_ns_per_point	change_percent
f64	A0	43.85	43.65	-0.46
f64	B0	97.15	96.75	-0.41
f64	dB0	137.5	136.85	-0.47
f64	C0	1638647.0	1650703.5	0.74
f64	D0	8136583.35	8168356.3	0.39
DoubleFloat	A0	667.5	658.4	-1.36
DoubleFloat	B0	2413.25	2439.8	1.1
DoubleFloat	dB0	3625.15	3477.35	-4.08
DoubleFloat	C0	4421730.85	4323357.7	-2.22
DoubleFloat	D0	22714199.35	21819217.8	-3.94
Float128	A0	6390.1	5251.45	-17.82
Float128	B0	16232.2	16065.0	-1.03
Float128	dB0	23871.25	22826.15	-4.38
Float128	C0	4711752.3	4625057.05	-1.84
Float128	D0	23734006.15	23691528.85	-0.18
