mode	family	name	batch	calls	repetition	ns_per_call	checksum_re	checksum_im
SAME	A0	A0_real	1024	1025	1	283.24	629.0482798521122	0.0
SAME	A0	A0_real	1024	1025	2	275.32780487804877	629.0482798521122	0.0
SAME	A0	A0_real	1024	1025	3	280.89853658536583	629.0482798521122	0.0
SAME	A0	A0_negative_axis	1024	1025	1	280.3131707317073	-629.0482798521122	-6440.264939859076
SAME	A0	A0_negative_axis	1024	1025	2	279.7082926829268	-629.0482798521122	-6440.264939859076
SAME	A0	A0_negative_axis	1024	1025	3	287.1424390243902	-629.0482798521122	-6440.264939859076
SAME	A0	A0_complex	1024	1025	1	285.7180487804878	631.6097132100592	71.09026234755466
SAME	A0	A0_complex	1024	1025	2	287.6887804878049	631.6097132100592	71.09026234755466
SAME	A0	A0_complex	1024	1025	3	286.6058536585366	631.6097132100592	71.09026234755466
SAME	A0	A0_scaleless	1024	1025	1	546.3239024390244	0.0	0.0
SAME	A0	A0_scaleless	1024	1025	2	250.62536585365854	0.0	0.0
SAME	A0	A0_scaleless	1024	1025	3	257.8546341463415	0.0	0.0
SAME	A0	A0_complex_mu_0.01	1024	1025	1	294.44975609756096	-8808.98916806553	543.120206411334
SAME	A0	A0_complex_mu_0.01	1024	1025	2	287.4448780487805	-8808.98916806553	543.120206411334
SAME	A0	A0_complex_mu_0.01	1024	1025	3	298.05951219512195	-8808.98916806553	543.120206411334
SAME	A0	A0_complex_mu_10000	1024	1025	1	295.4839024390244	19512.807475761238	-872.9696257800042
SAME	A0	A0_complex_mu_10000	1024	1025	2	288.030243902439	19512.807475761238	-872.9696257800042
SAME	A0	A0_complex_mu_10000	1024	1025	3	299.4936585365854	19512.807475761238	-872.9696257800042
HETERO	A0	all	1024	1025	1	311.08390243902437	1872.044277169878	-1116.7416106738856
HETERO	A0	all	1024	1025	2	301.1717073170732	1872.044277169878	-1116.7416106738856
HETERO	A0	all	1024	1025	3	309.13365853658536	1872.044277169878	-1116.7416106738856
SAME	B0	B0_euclidean	1024	1025	1	408.9570731707317	-403.15850159358456	0.0
SAME	B0	B0_euclidean	1024	1025	2	410.3239024390244	-403.15850159358456	0.0
SAME	B0	B0_euclidean	1024	1025	3	396.48	-403.15850159358456	0.0
SAME	B0	B0_timelike	1024	1025	1	404.5873170731707	1278.9818678756112	1301.130003317807
SAME	B0	B0_timelike	1024	1025	2	398.98634146341465	1278.9818678756112	1301.130003317807
SAME	B0	B0_timelike	1024	1025	3	396.099512195122	1278.9818678756112	1301.130003317807
SAME	B0	B0_complex	1024	1025	1	425.26048780487804	738.2961292144719	121.81701975763798
SAME	B0	B0_complex	1024	1025	2	435.3580487804878	738.2961292144719	121.81701975763798
SAME	B0	B0_complex	1024	1025	3	440.0507317073171	738.2961292144719	121.81701975763798
SAME	B0	B0_one_massless_onshell	1024	1025	1	347.1912195121951	1339.524139926056	0.0
SAME	B0	B0_one_massless_onshell	1024	1025	2	341.4936585365854	1339.524139926056	0.0
SAME	B0	B0_one_massless_onshell	1024	1025	3	346.5863414634146	1339.524139926056	0.0
SAME	B0	B0_scaleless	1024	1025	1	318.5375609756098	0.0	0.0
SAME	B0	B0_scaleless	1024	1025	2	307.4839024390244	0.0	0.0
SAME	B0	B0_scaleless	1024	1025	3	310.35219512195124	0.0	0.0
SAME	B0	B0_timelike_mu_0.01	1024	1025	1	407.1131707317073	-3441.317572762183	1301.130003317807
SAME	B0	B0_timelike_mu_0.01	1024	1025	2	395.34731707317076	-3441.317572762183	1301.130003317807
SAME	B0	B0_timelike_mu_0.01	1024	1025	3	410.45073170731706	-3441.317572762183	1301.130003317807
SAME	B0	B0_timelike_mu_10000	1024	1025	1	395.73853658536586	10719.580749151197	1301.130003317807
SAME	B0	B0_timelike_mu_10000	1024	1025	2	404.44975609756096	10719.580749151197	1301.130003317807
SAME	B0	B0_timelike_mu_10000	1024	1025	3	392.0790243902439	10719.580749151197	1301.130003317807
HETERO	B0	all	1024	1025	1	507.1726829268293	1458.9975746536445	574.7348032789171
HETERO	B0	all	1024	1025	2	495.4848780487805	1458.9975746536445	574.7348032789171
HETERO	B0	all	1024	1025	3	493.9531707317073	1458.9975746536445	574.7348032789171
SAME	dB0	dB0_euclidean	1024	1025	1	444.3141463414634	108.0325236577538	0.0
SAME	dB0	dB0_euclidean	1024	1025	2	447.7180487804878	108.0325236577538	0.0
SAME	dB0	dB0_euclidean	1024	1025	3	452.44975609756096	108.0325236577538	0.0
SAME	dB0	dB0_timelike	1024	1025	1	452.030243902439	-269.54736288572224	464.6892868992168
SAME	dB0	dB0_timelike	1024	1025	2	464.2946341463415	-269.54736288572224	464.6892868992168
SAME	dB0	dB0_timelike	1024	1025	3	455.8068292682927	-269.54736288572224	464.6892868992168
SAME	dB0	dB0_complex	1024	1025	1	536.9580487804878	441.5909527830926	67.01991110917871
SAME	dB0	dB0_complex	1024	1025	2	538.2556097560976	441.5909527830926	67.01991110917871
SAME	dB0	dB0_complex	1024	1025	3	528.1580487804878	441.5909527830926	67.01991110917871
SAME	dB0	dB0_one_massless_onshell	1024	1025	1	354.77170731707315	-334.881034981514	0.0
SAME	dB0	dB0_one_massless_onshell	1024	1025	2	353.1434146341463	-334.881034981514	0.0
SAME	dB0	dB0_one_massless_onshell	1024	1025	3	369.5141463414634	-334.881034981514	0.0
SAME	dB0	dB0_timelike_mu_0.01	1024	1025	1	456.6839024390244	-269.54736288572224	464.6892868992168
SAME	dB0	dB0_timelike_mu_0.01	1024	1025	2	468.1482926829268	-269.54736288572224	464.6892868992168
SAME	dB0	dB0_timelike_mu_0.01	1024	1025	3	458.88975609756096	-269.54736288572224	464.6892868992168
SAME	dB0	dB0_timelike_mu_10000	1024	1025	1	466.7141463414634	-269.54736288572224	464.6892868992168
SAME	dB0	dB0_timelike_mu_10000	1024	1025	2	456.9765853658537	-269.54736288572224	464.6892868992168
SAME	dB0	dB0_timelike_mu_10000	1024	1025	3	462.1473170731707	-269.54736288572224	464.6892868992168
HETERO	dB0	all	1024	1025	1	676.0702439024391	-98.81687054433556	243.2988484800669
HETERO	dB0	all	1024	1025	2	678.2556097560976	-98.81687054433556	243.2988484800669
HETERO	dB0	all	1024	1025	3	670.6956097560976	-98.81687054433556	243.2988484800669
SAME	C0	C0_real_euclidean	1024	1025	1	632271.4575609756	-244.7553683515703	2.126354952922157e-12
SAME	C0	C0_real_euclidean	1024	1025	2	637658.2487804878	-244.7553683515703	2.126354952922157e-12
SAME	C0	C0_real_euclidean	1024	1025	3	629779.5073170732	-244.7553683515703	2.126354952922157e-12
SAME	C0	C0_real_timelike	1024	1025	1	243389.8663414634	-531.6144938643004	-634.7754223518014
SAME	C0	C0_real_timelike	1024	1025	2	266911.6136585366	-531.6144938643004	-634.7754223518014
SAME	C0	C0_real_timelike	1024	1025	3	312120.21073170734	-531.6144938643004	-634.7754223518014
SAME	C0	C0_complex	1024	1025	1	711576.476097561	-1782.3002243025253	-184.94631355596542
SAME	C0	C0_complex	1024	1025	2	710208.9892682927	-1782.3002243025253	-184.94631355596542
SAME	C0	C0_complex	1024	1025	3	715384.92	-1782.3002243025253	-184.94631355596542
SAME	C0	C0_massless_ir	1024	1025	1	629.9931707317073	-2529.086127779148	0.0
SAME	C0	C0_massless_ir	1024	1025	2	618.060487804878	-2529.086127779148	0.0
SAME	C0	C0_massless_ir	1024	1025	3	628.2751219512195	-2529.086127779148	0.0
SAME	C0	C0_complex_mu_0.01	1024	1025	1	709921.6507317073	-1782.3002243025253	-184.94631355596542
SAME	C0	C0_complex_mu_0.01	1024	1025	2	711438.3004878049	-1782.3002243025253	-184.94631355596542
SAME	C0	C0_complex_mu_0.01	1024	1025	3	709652.0107317073	-1782.3002243025253	-184.94631355596542
SAME	C0	C0_complex_mu_10000	1024	1025	1	710551.6331707317	-1782.3002243025253	-184.94631355596542
SAME	C0	C0_complex_mu_10000	1024	1025	2	713600.5902439024	-1782.3002243025253	-184.94631355596542
SAME	C0	C0_complex_mu_10000	1024	1025	3	710595.8673170732	-1782.3002243025253	-184.94631355596542
HETERO	C0	all	1024	1025	1	528906.5053658537	-1441.7275015922353	-198.2820583051824
HETERO	C0	all	1024	1025	2	529708.5473170732	-1441.7275015922353	-198.2820583051824
HETERO	C0	all	1024	1025	3	530562.5404878049	-1441.7275015922353	-198.2820583051824
SAME	D0	D0_real_euclidean	1024	1025	1	469268.2331707317	76.94339470040535	0.0
SAME	D0	D0_real_euclidean	1024	1025	2	477306.3707317073	76.94339470040535	0.0
SAME	D0	D0_real_euclidean	1024	1025	3	474395.6575609756	76.94339470040535	0.0
SAME	D0	D0_real_timelike	1024	1025	1	124824.44780487804	20.911058162977	64.03986707041356
SAME	D0	D0_real_timelike	1024	1025	2	124310.47414634147	20.911058162977	64.03986707041356
SAME	D0	D0_real_timelike	1024	1025	3	124821.21853658537	20.911058162977	64.03986707041356
SAME	D0	D0_complex	1024	1025	1	8544860.449756097	4.9248876183620975	98.03582699415921
SAME	D0	D0_complex	1024	1025	2	8638490.915121952	4.9248876183620975	98.03582699415921
SAME	D0	D0_complex	1024	1025	3	8781162.735609757	4.9248876183620975	98.03582699415921
SAME	D0	D0_massless_ir	1024	1025	1	1056.4331707317074	31.962890341805732	172.7534426721553
SAME	D0	D0_massless_ir	1024	1025	2	1030.199024390244	31.962890341805732	172.7534426721553
SAME	D0	D0_massless_ir	1024	1025	3	1018.4419512195122	31.962890341805732	172.7534426721553
SAME	D0	D0_complex_mu_0.01	1024	1025	1	8774132.775609756	4.9248876183620975	98.03582699415921
SAME	D0	D0_complex_mu_0.01	1024	1025	2	8776220.554146342	4.9248876183620975	98.03582699415921
SAME	D0	D0_complex_mu_0.01	1024	1025	3	8782442.272195121	4.9248876183620975	98.03582699415921
SAME	D0	D0_complex_mu_10000	1024	1025	1	8514286.316097561	4.9248876183620975	98.03582699415921
SAME	D0	D0_complex_mu_10000	1024	1025	2	8490421.170731707	4.9248876183620975	98.03582699415921
SAME	D0	D0_complex_mu_10000	1024	1025	3	8489441.28	4.9248876183620975	98.03582699415921
HETERO	D0	all	1024	1025	1	4695007.954146341	24.117373803598593	88.4741457434037
HETERO	D0	all	1024	1025	2	4695604.0341463415	24.117373803598593	88.4741457434037
HETERO	D0	all	1024	1025	3	4696421.938536585	24.117373803598593	88.4741457434037
